Number of Clients,Average Response Time (ms)
1,1.2417840957641602
2,1.1948108673095703
3,3.5890227556228638
4,151.96032986044884
5,511.7185740470886
6,879.7311021884283
7,1650.1286091123309
8,1535.9598975628614
9,1812.3318198185787
10,2146.979025185108
